USE visitor_management_system;

-- Visitor 表数据 (20+条)
INSERT INTO Visitor (visitor_id, visitor_name, id_number, contact_number, entry_time, exit_time, entry_method)
VALUES
('V00001', '张三', '110101199001011234', '13800138000', '2023-10-01', '2023-10-02', '线上预约'),
('V00002', '李四', '110101199002022345', '13800138001', '2023-10-01', '2023-10-02', '线上预约'),
('V00003', '王五', '110101199003033456', '13800138002', '2023-10-01', '2023-10-02', '线上预约'),
('V00004', '赵六', '110101199004044567', '13800138003', '2023-10-01', '2023-10-02', '线上预约'),
('V00005', '钱七', '110101199005055678', '13800138004', '2023-10-01', '2023-10-02', '线上预约'),
('V00006', '孙八', '110101199006066789', '13800138005', '2023-10-01', '2023-10-02', '线上预约'),
('V00007', '周九', '110101199007077890', '13800138006', '2023-10-01', '2023-10-02', '线上预约'),
('V00008', '吴十', '110101199008088901', '13800138007', '2023-10-01', '2023-10-02', '线上预约'),
('V00009', '郑十一', '110101199009099012', '13800138008', '2023-10-01', '2023-10-02', '线上预约'),
('V00010', '王十二', '110101199010100123', '13800138009', '2023-10-01', '2023-10-02', '线上预约'),
('V00011', '李十三', '110101199011111234', '13800138010', '2023-10-01', '2023-10-02', '线上预约'),
('V00012', '张十四', '110101199012122345', '13800138011', '2023-10-01', '2023-10-02', '线上预约'),
('V00013', '刘十五', '110101199013133456', '13800138012', '2023-10-01', '2023-10-02', '线上预约'),
('V00014', '陈十六', '110101199014144567', '13800138013', '2023-10-01', '2023-10-02', '线上预约'),
('V00015', '杨十七', '110101199015155678', '13800138014', '2023-10-01', '2023-10-02', '线上预约'),
('V00016', '黄十八', '110101199016166789', '13800138015', '2023-10-01', '2023-10-02', '线上预约'),
('V00017', '周十九', '110101199017177890', '13800138016', '2023-10-01', '2023-10-02', '线上预约'),
('V00018', '吴二十', '110101199018188901', '13800138017', '2023-10-01', '2023-10-02', '线上预约'),
('V00019', '郑二十一', '110101199019199012', '13800138018', '2023-10-01', '2023-10-02', '线上预约'),
('V00020', '王二十二', '110101199020200123', '13800138019', '2023-10-01', '2023-10-02', '线上预约');

-- Reservation 表数据 (20+条)
INSERT INTO Reservation (reservation_id, visitor_id, reservation_date, entry_time_slot, group_size, reservation_status, ticket_amount, payment_status)
VALUES
('R00001', 'V00001', '2023-10-01', '08:00-10:00', 2, '已确认', 100.00, '已支付'),
('R00002', 'V00002', '2023-10-01', '08:00-10:00', 3, '已确认', 150.00, '已支付'),
('R00003', 'V00003', '2023-10-01', '08:00-10:00', 1, '已确认', 50.00, '已支付'),
('R00004', 'V00004', '2023-10-01', '08:00-10:00', 4, '已确认', 200.00, '已支付'),
('R00005', 'V00005', '2023-10-01', '08:00-10:00', 2, '已确认', 100.00, '已支付'),
('R00006', 'V00006', '2023-10-01', '10:00-12:00', 3, '已确认', 150.00, '已支付'),
('R00007', 'V00007', '2023-10-01', '10:00-12:00', 1, '已确认', 50.00, '已支付'),
('R00008', 'V00008', '2023-10-01', '10:00-12:00', 4, '已确认', 200.00, '已支付'),
('R00009', 'V00009', '2023-10-01', '10:00-12:00', 2, '已确认', 100.00, '已支付'),
('R00010', 'V00010', '2023-10-01', '10:00-12:00', 3, '已确认', 150.00, '已支付'),
('R00011', 'V00011', '2023-10-01', '12:00-14:00', 1, '已确认', 50.00, '已支付'),
('R00012', 'V00012', '2023-10-01', '12:00-14:00', 4, '已确认', 200.00, '已支付'),
('R00013', 'V00013', '2023-10-01', '12:00-14:00', 2, '已确认', 100.00, '已支付'),
('R00014', 'V00014', '2023-10-01', '12:00-14:00', 3, '已确认', 150.00, '已支付'),
('R00015', 'V00015', '2023-10-01', '12:00-14:00', 1, '已确认', 50.00, '已支付'),
('R00016', 'V00016', '2023-10-01', '14:00-16:00', 4, '已确认', 200.00, '已支付'),
('R00017', 'V00017', '2023-10-01', '14:00-16:00', 2, '已确认', 100.00, '已支付'),
('R00018', 'V00018', '2023-10-01', '14:00-16:00', 3, '已确认', 150.00, '已支付'),
('R00019', 'V00019', '2023-10-01', '14:00-16:00', 1, '已确认', 50.00, '已支付'),
('R00020', 'V00020', '2023-10-01', '14:00-16:00', 2, '已确认', 100.00, '已支付');

-- FlowControl 表数据 (10条)
INSERT INTO FlowControl (region_id, daily_capacity, current_visitor_count, warning_threshold, flow_status)
VALUES
('R001', 500, 300, 400, '正常'),
('R002', 400, 350, 320, '预警'),
('R003', 600, 550, 480, '预警'),
('R004', 300, 200, 240, '正常'),
('R005', 700, 650, 560, '预警'),
('R006', 200, 150, 160, '正常'),
('R007', 800, 750, 640, '预警'),
('R008', 450, 300, 360, '正常'),
('R009', 550, 450, 440, '预警'),
('R010', 350, 250, 280, '正常');

-- VisitorTrajectory 表数据 (20条)
INSERT INTO VisitorTrajectory (trajectory_id, visitor_id, location_time, longitude, latitude, region_id, is_out_of_route)
VALUES
('T00001', 'V00001', '2023-10-01 08:15:00', 116.4074, 39.9042, 'R001', FALSE),
('T00002', 'V00001', '2023-10-01 08:30:00', 116.4080, 39.9045, 'R001', FALSE),
('T00003', 'V00001', '2023-10-01 08:45:00', 116.4085, 39.9050, 'R001', FALSE),
('T00004', 'V00002', '2023-10-01 08:10:00', 116.4070, 39.9035, 'R002', FALSE),
('T00005', 'V00002', '2023-10-01 08:25:00', 116.4075, 39.9040, 'R002', FALSE),
('T00006', 'V00002', '2023-10-01 08:40:00', 116.4080, 39.9045, 'R002', FALSE),
('T00007', 'V00003', '2023-10-01 08:15:00', 116.4065, 39.9030, 'R003', FALSE),
('T00008', 'V00003', '2023-10-01 08:30:00', 116.4070, 39.9035, 'R003', FALSE),
('T00009', 'V00003', '2023-10-01 08:45:00', 116.4075, 39.9040, 'R003', FALSE),
('T00010', 'V00004', '2023-10-01 08:10:00', 116.4060, 39.9025, 'R004', FALSE),
('T00011', 'V00004', '2023-10-01 08:25:00', 116.4065, 39.9030, 'R004', FALSE),
('T00012', 'V00004', '2023-10-01 08:40:00', 116.4070, 39.9035, 'R004', FALSE),
('T00013', 'V00005', '2023-10-01 08:15:00', 116.4055, 39.9020, 'R005', FALSE),
('T00014', 'V00005', '2023-10-01 08:30:00', 116.4060, 39.9025, 'R005', FALSE),
('T00015', 'V00005', '2023-10-01 08:45:00', 116.4065, 39.9030, 'R005', FALSE),
('T00016', 'V00006', '2023-10-01 10:15:00', 116.4074, 39.9042, 'R001', FALSE),
('T00017', 'V00006', '2023-10-01 10:30:00', 116.4080, 39.9045, 'R001', FALSE),
('T00018', 'V00006', '2023-10-01 10:45:00', 116.4085, 39.9050, 'R001', FALSE),
('T00019', 'V00007', '2023-10-01 10:10:00', 116.4070, 39.9035, 'R002', FALSE),
('T00020', 'V00007', '2023-10-01 10:25:00', 116.4075, 39.9040, 'R002', FALSE);